-- MySQL dump 10.17  Distrib 10.3.25-MariaDB, for debian-linux-gnu (x86_64)
--
-- Host: localhost    Database: GOTHAM
-- ------------------------------------------------------
-- Server version       10.3.25-MariaDB-0+deb10u1

--
-- Dumping data for table `Honeypot`
--
INSERT INTO `Honeypot` ( `id`,  `name`,  `descr`, `parser`, `logs` , `source`,`port_container`,`state`) VALUES ('hp-1B5B3A1E32EE11EBB1F25E22FC2CA371','Honeypot_PythonSSH','Second Honeypot pour test','TO_ADD','/var/log/apache2/error.log','/data/hp-1B5B3A1E32EE11EBB1F25E22FC2CA371/dockerfile',22,'UNUSED'),('hp-1B5B3A1E32EE11EBB1F25E22FC2CA372','Honeypot_BASTIEN','Test db','TO_ADD','/var/log/syslog','/data/hp-1B5B3A1E32EE11EBB1F25E22FC2CA372',187,'HEALTHY'),('hp-1B5B3A1E32EE11EBB1F25E22FC2CA374','Honeypot_BASTIEN_2','Test db','TO_ADD','/var/log/syslog','/data/hp-1B5B3A1E32EE11EBB1F25E22FC2CA374',67,'DOWN'),('hp-5DED2C8A33C911EBADD59A1EFC2CA371','Honeypot_DNS','Hp for test','To Add','To add','To add',443,'ERROR'),('hp-649E604E33C911EB9D16EC24FC2CA371','Honeypot_imaps','Hp for test','To Add','To add','To add',8080,'UNUSED'),('hp-69AE80F033C911EBAD3B5E29FC2CA371','Honeypot_apache','Hp for test','To Add','To add','To add',53,'HEALTHY'),('hp-6EAB49BC33C911EBBC754E2EFC2CA371','Honeypot_ssh','Hp for test','To Add','To add','To add',468,'DOWN'),('hp-742F831232ED11EB8FA5D8F7FB2CA371','Honeypot_OpenSSH','Premier Honeypot pour test','TO_ADD','/var/log/honeypot.log','/data/hp-742F831232ED11EB8FA5D8F7FB2CA371/dockerfile',181,'ERROR'),('hp-75034A4E33C911EB9D009933FC2CA371','Honeypot_openssh','Hp for test','To Add','To add','To add',987,'UNUSED'),('hp-7A520CEC33C911EB9B00CE38FC2CA371','Honeypot_DNS-HD','Hp for test','To Add','To add','To add',6452,'HEALTHY'),('hp-7EA94F1233C911EB81E7613CFC2CA371','Honeypot_apache-deb','Hp for test','To Add','To add','To add',12534,'UNUSED'),('hp-85E3CABE33C911EB9E8E3843FC2CA371','Honeypot_DNS-deb','Hp for test','To Add','To add','To add',498,'HEALTHY'),('hp-8AB2525433C911EBB0F54247FC2CA371','Honeypot_imaps-deb','Hp for test','To Add','To add','To add',16,'DOWN'),('hp-8EADEF1C33C911EBB78CC74AFC2CA371','Honeypot_HD','Hp for test','To Add','To add','To add',4123,'ERROR');

--
-- Dumping data for table `Server`
--
INSERT INTO `Server` (`id`,`name`,`descr`,`ip`,`ssh_key`,`ssh_port`,`state`) VALUES ('sv-447831E032EE11EBB6D20248FC2CA371','vps-2.hebergeur.fr','Second serveur de test.','172.0.0.10','TO_ADD',22,''),('sv-447831E032EE11EBB6D20248FC2CA372','server.bastien.fr','Test db','8.8.8.8','TO_ADD',22022,'TO_ADD'),('sv-447831E032EE11EBB6D20248FC2CA374','server-2.bastien.fr','Test db','8.8.8.4','TO_ADD',22022,'TO_ADD'),('sv-7126ECA632EC11EB830EA9EEFB2CA371','vps-1.hebergeur.fr','Premier serveur de test.','172.0.0.1','TO_ADD',22,''),('sv-72D25FB833CD11EBAED4A458FC2CA371','vps-3.hebergeur.foo','Server for test','172.0.0.20','To_Add',22,'To_Add'),('sv-7706DF9633CD11EB82B004DDFB2CA371','vps-4.hebergeur.foo','Server for test','172.0.0.21','To_Add',22,'To_Add'),('sv-7AE1ADA833CD11EBBB2C46E0FB2CA371','vps-5.hebergeur.foo','Server for test','172.0.0.22','To_Add',22,'To_Add'),('sv-7EB723B833CD11EB82BFE8E2FB2CA371','vps-6.hebergeur.foo','Server for test','172.0.0.23','To_Add',22,'To_Add'),('sv-838C81A833CD11EB881DEFE6FB2CA371','vps-7.hebergeur.foo','Server for test','172.0.0.24','To_Add',22,'To_Add'),('sv-88784AF833CD11EBAEA003EBFB2CA371','vps-8.hebergeur.foo','Server for test','172.0.0.25','To_Add',22,'To_Add'),('sv-8D83492633CD11EBBEC704EEFB2CA371','vps-9.hebergeur.foo','Server for test','172.0.0.26','To_Add',22,'To_Add'),('sv-9218932E33CD11EBAA327DF1FB2CA371','vps-10.hebergeur.foo','Server for test','172.0.0.27','To_Add',22,'To_Add'),('sv-973CFB8833CD11EBB5BF65F5FB2CA371','vps-11.hebergeur.foo','Server for test','172.0.0.28','To_Add',22,'To_Add'),('sv-9D5E49EA33CD11EBAFE55BF9FB2CA371','vps-12.hebergeur.foo','Server for test','172.0.0.29','To_Add',22,'To_Add');

--
-- Dumping data for table `Tags`
--
INSERT INTO `Tags` (`id`,`tag`) VALUES (18,'Allemagne'),(12,'America'),(2,'Apache'),(21,'Auxerre'),(22,'Berlin'),(19,'Canada'),(23,'Chine'),(7,'Debian'),(15,'DNS'),(10,'Europe'),(3,'France'),(16,'haute-dispo'),(4,'Hebergeur.com'),(14,'Hoster'),(17,'imaps'),(8,'OpenSSH'),(11,'OVH'),(5,'Paris'),(9,'port_22'),(20,'Quebec'),(1,'SSH'),(13,'Texas'),(25,'Toronto'),(24,'US'),(6,'Vannes');

--
-- Dumping data for table `Link`
--
INSERT INTO `Link` (`id`,`nb_hp`,`nb_serv`) VALUES ('lk-4AAB119A340111EB84D6D6F0FB2CA371',2,1),('lk-4AAB119A340111EB84D6D6F0FB2CA372',1,2),('lk-4AAB119A340111EB84D6D6F0FB2CA374',2,1),('lk-4FD58A38340111EBB0E722F1FB2CA371',3,5),('lk-585D16C6340111EBBF549DF1FB2CA371',3,1),('lk-60F7FD8C340111EBB44B1EF2FB2CA371',1,2),('lk-67C82EAC340111EB85FE89F2FB2CA371',4,2),('lk-6A39971632EE11EB89DC9EECFB2CA371',2,2),('lk-72660A46340111EBBAC118F3FB2CA371',2,5);

--
-- Dumping data for table `Link_Hp_Serv`
--
INSERT INTO `Link_Hp_Serv` (`id_link`,`id_hp`,`id_serv`,`port`) VALUES ('lk-4AAB119A340111EB84D6D6F0FB2CA371','hp-69AE80F033C911EBAD3B5E29FC2CA371','sv-72D25FB833CD11EBAED4A458FC2CA371',80),('lk-4AAB119A340111EB84D6D6F0FB2CA371','hp-7EA94F1233C911EB81E7613CFC2CA371','sv-72D25FB833CD11EBAED4A458FC2CA371',80),('lk-4AAB119A340111EB84D6D6F0FB2CA372','hp-1B5B3A1E32EE11EBB1F25E22FC2CA372','sv-447831E032EE11EBB6D20248FC2CA371',25),('lk-4AAB119A340111EB84D6D6F0FB2CA372','hp-1B5B3A1E32EE11EBB1F25E22FC2CA372','sv-447831E032EE11EBB6D20248FC2CA372',25),('lk-4AAB119A340111EB84D6D6F0FB2CA372','hp-1B5B3A1E32EE11EBB1F25E22FC2CA372','sv-447831E032EE11EBB6D20248FC2CA374',25),('lk-4FD58A38340111EBB0E722F1FB2CA371','hp-5DED2C8A33C911EBADD59A1EFC2CA371','sv-838C81A833CD11EB881DEFE6FB2CA371',53),('lk-4FD58A38340111EBB0E722F1FB2CA371','hp-5DED2C8A33C911EBADD59A1EFC2CA371','sv-88784AF833CD11EBAEA003EBFB2CA371',53),('lk-4FD58A38340111EBB0E722F1FB2CA371','hp-7A520CEC33C911EB9B00CE38FC2CA371','sv-9218932E33CD11EBAA327DF1FB2CA371',53),('lk-4FD58A38340111EBB0E722F1FB2CA371','hp-7A520CEC33C911EB9B00CE38FC2CA371','sv-973CFB8833CD11EBB5BF65F5FB2CA371',53),('lk-4FD58A38340111EBB0E722F1FB2CA371','hp-85E3CABE33C911EB9E8E3843FC2CA371','sv-9D5E49EA33CD11EBAFE55BF9FB2CA371',53),('lk-585D16C6340111EBBF549DF1FB2CA371','hp-742F831232ED11EB8FA5D8F7FB2CA371','sv-7EB723B833CD11EB82BFE8E2FB2CA371',50042),('lk-585D16C6340111EBBF549DF1FB2CA371','hp-85E3CABE33C911EB9E8E3843FC2CA371','sv-7EB723B833CD11EB82BFE8E2FB2CA371',50042),('lk-585D16C6340111EBBF549DF1FB2CA371','hp-8AB2525433C911EBB0F54247FC2CA371','sv-7EB723B833CD11EB82BFE8E2FB2CA371',50042),('lk-60F7FD8C340111EBB44B1EF2FB2CA371','hp-8AB2525433C911EBB0F54247FC2CA371','sv-7EB723B833CD11EB82BFE8E2FB2CA371',993),('lk-60F7FD8C340111EBB44B1EF2FB2CA371','hp-8AB2525433C911EBB0F54247FC2CA371','sv-8D83492633CD11EBBEC704EEFB2CA371',993),('lk-67C82EAC340111EB85FE89F2FB2CA371','hp-1B5B3A1E32EE11EBB1F25E22FC2CA371','sv-838C81A833CD11EB881DEFE6FB2CA371',22),('lk-67C82EAC340111EB85FE89F2FB2CA371','hp-6EAB49BC33C911EBBC754E2EFC2CA371','sv-838C81A833CD11EB881DEFE6FB2CA371',22),('lk-67C82EAC340111EB85FE89F2FB2CA371','hp-742F831232ED11EB8FA5D8F7FB2CA371','sv-9D5E49EA33CD11EBAFE55BF9FB2CA371',22),('lk-67C82EAC340111EB85FE89F2FB2CA371','hp-75034A4E33C911EB9D009933FC2CA371','sv-9D5E49EA33CD11EBAFE55BF9FB2CA371',22),('lk-6A39971632EE11EB89DC9EECFB2CA371','hp-1B5B3A1E32EE11EBB1F25E22FC2CA371','sv-447831E032EE11EBB6D20248FC2CA371',22),('lk-6A39971632EE11EB89DC9EECFB2CA371','hp-742F831232ED11EB8FA5D8F7FB2CA371','sv-7126ECA632EC11EB830EA9EEFB2CA371',22),('lk-72660A46340111EBBAC118F3FB2CA371','hp-6EAB49BC33C911EBBC754E2EFC2CA371','sv-7706DF9633CD11EB82B004DDFB2CA371',22),('lk-72660A46340111EBBAC118F3FB2CA371','hp-6EAB49BC33C911EBBC754E2EFC2CA371','sv-838C81A833CD11EB881DEFE6FB2CA371',22),('lk-72660A46340111EBBAC118F3FB2CA371','hp-75034A4E33C911EB9D009933FC2CA371','sv-88784AF833CD11EBAEA003EBFB2CA371',22),('lk-72660A46340111EBBAC118F3FB2CA371','hp-75034A4E33C911EB9D009933FC2CA371','sv-973CFB8833CD11EBB5BF65F5FB2CA371',22),('lk-72660A46340111EBBAC118F3FB2CA371','hp-75034A4E33C911EB9D009933FC2CA371','sv-9D5E49EA33CD11EBAFE55BF9FB2CA371',22);

--
-- Dumping data for table `Hp_Tags`
--
INSERT INTO `Hp_Tags` (`id_tag`,`id_hp`) VALUES (1,'hp-1B5B3A1E32EE11EBB1F25E22FC2CA371'),(1,'hp-6EAB49BC33C911EBBC754E2EFC2CA371'),(1,'hp-742F831232ED11EB8FA5D8F7FB2CA371'),(1,'hp-75034A4E33C911EB9D009933FC2CA371'),(2,'hp-69AE80F033C911EBAD3B5E29FC2CA371'),(2,'hp-7EA94F1233C911EB81E7613CFC2CA371'),(7,'hp-742F831232ED11EB8FA5D8F7FB2CA371'),(7,'hp-85E3CABE33C911EB9E8E3843FC2CA371'),(7,'hp-8AB2525433C911EBB0F54247FC2CA371'),(7,'hp-8EADEF1C33C911EBB78CC74AFC2CA371'),(8,'hp-75034A4E33C911EB9D009933FC2CA371'),(9,'hp-6EAB49BC33C911EBBC754E2EFC2CA371'),(9,'hp-75034A4E33C911EB9D009933FC2CA371'),(15,'hp-5DED2C8A33C911EBADD59A1EFC2CA371'),(15,'hp-7A520CEC33C911EB9B00CE38FC2CA371'),(15,'hp-85E3CABE33C911EB9E8E3843FC2CA371'),(16,'hp-6EAB49BC33C911EBBC754E2EFC2CA371'),(16,'hp-75034A4E33C911EB9D009933FC2CA371'),(16,'hp-7A520CEC33C911EB9B00CE38FC2CA371'),(16,'hp-7EA94F1233C911EB81E7613CFC2CA371'),(16,'hp-8EADEF1C33C911EBB78CC74AFC2CA371'),(17,'hp-649E604E33C911EB9D16EC24FC2CA371'),(17,'hp-8AB2525433C911EBB0F54247FC2CA371');

--
-- Dumping data for table `Serv_Tags`
--
INSERT INTO `Serv_Tags` (`id_tag`,`id_serv`) VALUES (3,'sv-447831E032EE11EBB6D20248FC2CA371'),(3,'sv-7126ECA632EC11EB830EA9EEFB2CA371'),(3,'sv-838C81A833CD11EB881DEFE6FB2CA371'),(3,'sv-88784AF833CD11EBAEA003EBFB2CA371'),(3,'sv-9218932E33CD11EBAA327DF1FB2CA371'),(3,'sv-973CFB8833CD11EBB5BF65F5FB2CA371'),(3,'sv-9D5E49EA33CD11EBAFE55BF9FB2CA371'),(4,'sv-447831E032EE11EBB6D20248FC2CA371'),(4,'sv-7126ECA632EC11EB830EA9EEFB2CA371'),(5,'sv-7126ECA632EC11EB830EA9EEFB2CA371'),(5,'sv-9218932E33CD11EBAA327DF1FB2CA371'),(5,'sv-973CFB8833CD11EBB5BF65F5FB2CA371'),(6,'sv-447831E032EE11EBB6D20248FC2CA371'),(6,'sv-88784AF833CD11EBAEA003EBFB2CA371'),(10,'sv-7706DF9633CD11EB82B004DDFB2CA371'),(10,'sv-838C81A833CD11EB881DEFE6FB2CA371'),(10,'sv-88784AF833CD11EBAEA003EBFB2CA371'),(10,'sv-9218932E33CD11EBAA327DF1FB2CA371'),(10,'sv-973CFB8833CD11EBB5BF65F5FB2CA371'),(10,'sv-9D5E49EA33CD11EBAFE55BF9FB2CA371'),(11,'sv-973CFB8833CD11EBB5BF65F5FB2CA371'),(11,'sv-9D5E49EA33CD11EBAFE55BF9FB2CA371'),(12,'sv-7AE1ADA833CD11EBBB2C46E0FB2CA371'),(12,'sv-7EB723B833CD11EB82BFE8E2FB2CA371'),(12,'sv-8D83492633CD11EBBEC704EEFB2CA371'),(13,'sv-7EB723B833CD11EB82BFE8E2FB2CA371'),(14,'sv-7AE1ADA833CD11EBBB2C46E0FB2CA371'),(14,'sv-7EB723B833CD11EB82BFE8E2FB2CA371'),(18,'sv-7706DF9633CD11EB82B004DDFB2CA371'),(19,'sv-8D83492633CD11EBBEC704EEFB2CA371'),(20,'sv-8D83492633CD11EBBEC704EEFB2CA371'),(21,'sv-838C81A833CD11EB881DEFE6FB2CA371'),(21,'sv-9D5E49EA33CD11EBAFE55BF9FB2CA371'),(22,'sv-7706DF9633CD11EB82B004DDFB2CA371'),(23,'sv-72D25FB833CD11EBAED4A458FC2CA371'),(24,'sv-7AE1ADA833CD11EBBB2C46E0FB2CA371'),(24,'sv-7EB723B833CD11EB82BFE8E2FB2CA371'),(25,'sv-7AE1ADA833CD11EBBB2C46E0FB2CA371');

--
-- Dumping data for table `Link_Tags_hp`
--
INSERT INTO `Link_Tags_hp` (`id_tag`,`id_link`) VALUES (1,'lk-67C82EAC340111EB85FE89F2FB2CA371'),(1,'lk-6A39971632EE11EB89DC9EECFB2CA371'),(1,'lk-72660A46340111EBBAC118F3FB2CA371'),(2,'lk-4AAB119A340111EB84D6D6F0FB2CA371'),(7,'lk-585D16C6340111EBBF549DF1FB2CA371'),(9,'lk-72660A46340111EBBAC118F3FB2CA371'),(15,'lk-4FD58A38340111EBB0E722F1FB2CA371'),(16,'lk-72660A46340111EBBAC118F3FB2CA371'),(17,'lk-60F7FD8C340111EBB44B1EF2FB2CA371');

--
-- Dumping data for table `Link_Tags_serv`
--
INSERT INTO `Link_Tags_serv` (`id_tag`,`id_link`) VALUES (3,'lk-4FD58A38340111EBB0E722F1FB2CA371'),(3,'lk-67C82EAC340111EB85FE89F2FB2CA371'),(4,'lk-6A39971632EE11EB89DC9EECFB2CA371'),(10,'lk-4FD58A38340111EBB0E722F1FB2CA371'),(10,'lk-67C82EAC340111EB85FE89F2FB2CA371'),(10,'lk-72660A46340111EBBAC118F3FB2CA371'),(12,'lk-585D16C6340111EBBF549DF1FB2CA371'),(12,'lk-60F7FD8C340111EBB44B1EF2FB2CA371'),(14,'lk-585D16C6340111EBBF549DF1FB2CA371'),(21,'lk-67C82EAC340111EB85FE89F2FB2CA371'),(23,'lk-4AAB119A340111EB84D6D6F0FB2CA371'),(24,'lk-585D16C6340111EBBF549DF1FB2CA371');
